Square Feet,House Rent
602,1358.7384827154203
935,1881.8905759763925
1360,2515.8690601775997
770,1663.2082409920367
606,1420.6547619529872
571,1362.399730617175
1200,2373.118906017301
520,1356.9357483807298
1114,2049.0447092471986
621,1461.6720612519066
966,1936.447801595711
714,1562.8066441752615
830,1671.1835153422699
958,2011.34904790236
587,1379.2772411252968
